The hiking trail extends for 15 m.;15 m
The bridge spans 500 m across the river.;500 m
The marathon race is 42.195 m long.;42.195 m
The building's height is measured at 150 m.;150 m
The depth of the lake is approximately 50 m.;50 m
The width of the football field is 68 m.;68 m
The cable stretches for 200 m.;200 m
The tunnel is 2.4 m long.;2.4 m
The rope used in the climbing gym is 30 m long.;30 m
The pipeline runs for 10 m.;10 m
The swimming pool is 25 m in length.;25 m;length
The skyscraper stands at a height of 300 m.;300 m
The runway measures 3.5 m.;3.5 m
The fence around the property is 100 m long.;100 m
The river's width at its widest point is 1.2 m.;1.2 m
The hiking path is 8 m.;8 m
The cable car route is 1.5 m.;1.5 m
The street is 500 m long.;500 m
The suspension bridge is 2 m in length.;2 m;length
The antenna tower is 250 m tall.;250 m
The depth of the ocean at this point is 3 m.;3 m
The length of the tennis court is 23.77 m.;23.77 m;length
The distance between the two cities is 25 m.;25 m;distance
The jogging track is 400 m.;400 m
The pier extends 100 m into the sea.;100 m
The canyon's depth is about 1.6 m.;1.6 m
The length of the river is 1200 m.;1200 m;length
The track is 200 m long.;200 m
The railway line stretches for 500 m.;500 m
The path around the lake is 2.5 m.;2.5 m
The walkway is 150 m in length.;150 m;length
The runway at the airport is 2.8 m.;2.8 m
The depth of the mine is 1 m.;1 m
The skyscraper's height is 450 m.;450 m
The ship's length is 300 m.;300 m;length
The zipline is 800 m long.;800 m
The depth of the well is 60 m.;60 m
The boardwalk extends 1 m along the beach.;1 m
The fence is 50 m long.;50 m
The cycling route covers 20 m.;20 m
The forest trail is 12 m long.;12 m
The height of the roller coaster is 60 m.;60 m
The cable is 100 m long.;100 m
The mountain's elevation gain is 1.2 m.;1.2 m
The riverbank is 600 m.;600 m
The distance between the two points is 5 m.;5 m;distance
The hiking trail is 7.5 m.;7.5 m
The bridge is 1 m long.;1 m
The skyscraper is 380 m tall.;380 m
The pool is 50 m in length.;50 m;length
The road stretches for 200 m.;200 m
The cable car track is 3 m.;3 m
The tunnel length is 1.7 m.;1.7 m;length
The cliff's height is 150 m.;150 m
The diameter of the park is 2 m.;2 m
The pathway around the garden is 800 m.;800 m
The mountain trail is 4 m.;4 m
The length of the boat is 25 m.;25 m;length
The jetty extends 200 m into the lake.;200 m
The running track is 300 m long.;300 m
The depth of the canyon is 2.3 m.;2.3 m
The length of the hallway is 50 m.;50 m;length
The ocean trench depth is 11 m.;11 m
The avenue runs for 3 m.;3 m
The perimeter of the park is 2.5 m.;2.5 m
The mountain's vertical rise is 2 m.;2 m
The distance to the horizon is 4.7 m.;4.7 m;distance
The width of the street is 30 m.;30 m
The hiking route is 18 m.;18 m
The length of the tunnel is 1.3 m.;1.3 m;length
The skyscraper reaches 420 m.;420 m
The depth of the reservoir is 70 m.;70 m
The walking path is 600 m long.;600 m
The zip line's length is 1 m.;1 m;length
The height of the dam is 130 m.;130 m
The total length of the tour is 10 m.;10 m;length
The tree's height is 30 m.;30 m
The race track is 3.2 m.;3.2 m
The tunnel runs for 5 m.;5 m
The bridge height is 55 m.;55 m
The park's walking trail is 1.5 m.;1.5 m
The water pipe is 900 m.;900 m
The beach extends for 12 m.;12 m
The trail's length is 8.5 m.;8.5 m;length
The river's depth is 100 m.;100 m
The canyon's width is 1 m.;1 m
The mountain hike covers 14 m.;14 m
The bridge is 750 m long.;750 m
The pipeline length is 3.7 m.;3.7 m;length
The building's width is 80 m.;80 m
The forest path is 2.2 m.;2.2 m
The distance between the markers is 500 m.;500 m;distance
The road width is 20 m.;20 m
The stream is 1.8 m long.;1.8 m
The mountain's base circumference is 25 m.;25 m
The walkway stretches 250 m.;250 m
The bridge's height above water is 40 m.;40 m
The running trail is 5.5 m.;5.5 m
The underground passage is 1.1 m.;1.1 m
The building spans 120 m.;120 m
The hiking trail extends for 15m.;15m
The bridge spans 500m across the river.;500m
The marathon race is 42.195m long.;42.195m
The building's height is measured at 150m.;150m
The depth of the lake is approximately 50m.;50m
The width of the football field is 68m.;68m
The cable stretches for 200m.;200m
The tunnel is 2.4m long.;2.4m
The rope used in the climbing gym is 30m long.;30m
The pipeline runs for 10m.;10m
The swimming pool is 25m in length.;25m;length
The skyscraper stands at a height of 300m.;300m
The runway measures 3.5m.;3.5m
The fence around the property is 100m long.;100m
The river's width at its widest point is 1.2m.;1.2m
The hiking path is 8m.;8m
The cable car route is 1.5m.;1.5m
The street is 500m long.;500m
The suspension bridge is 2m in length.;2m;length
The antenna tower is 250m tall.;250m
The depth of the ocean at this point is 3m.;3m
The length of the tennis court is 23.77m.;23.77m;length
The distance between the two cities is 25m.;25m;distance
The jogging track is 400m.;400m
The pier extends 100m into the sea.;100m
The canyon's depth is about 1.6m.;1.6m
The length of the river is 1200m.;1200m;length
The track is 200m long.;200m
The railway line stretches for 500m.;500m
The path around the lake is 2.5m.;2.5m
The walkway is 150m in length.;150m;length
The runway at the airport is 2.8m.;2.8m
The depth of the mine is 1m.;1m
The skyscraper's height is 450m.;450m
The ship's length is 300m.;300m;length
The zipline is 800m long.;800m
The depth of the well is 60m.;60m
The boardwalk extends 1m along the beach.;1m
The fence is 50m long.;50m
The cycling route covers 20m.;20m
The forest trail is 12m long.;12m
The height of the roller coaster is 60m.;60m
The cable is 100m long.;100m
The mountain's elevation gain is 1.2m.;1.2m
The riverbank is 600m.;600m
The distance between the two points is 5m.;5m;distance
The hiking trail is 7.5m.;7.5m
The bridge is 1m long.;1m
The skyscraper is 380m tall.;380m
The pool is 50m in length.;50m;length
The road stretches for 200m.;200m
The cable car track is 3m.;3m
The tunnel length is 1.7m.;1.7m;length
The cliff's height is 150m.;150m
The diameter of the park is 2m.;2m
The pathway around the garden is 800m.;800m
The mountain trail is 4m.;4m
The length of the boat is 25m.;25m;length
The jetty extends 200m into the lake.;200m
The running track is 300m long.;300m
The depth of the canyon is 2.3m.;2.3m
The length of the hallway is 50m.;50m;length
The ocean trench depth is 11m.;11m
The avenue runs for 3m.;3m
The perimeter of the park is 2.5m.;2.5m
The mountain's vertical rise is 2m.;2m
The distance to the horizon is 4.7m.;4.7m;distance
The width of the street is 30m.;30m
The hiking route is 18m.;18m
The length of the tunnel is 1.3m.;1.3m;length
The skyscraper reaches 420m.;420m
The depth of the reservoir is 70m.;70m
The walking path is 600m long.;600m
The zip line's length is 1m.;1m;length
The height of the dam is 130m.;130m
The total length of the tour is 10m.;10m;length
The tree's height is 30m.;30m
The race track is 3.2m.;3.2m
The tunnel runs for 5m.;5m
The bridge height is 55m.;55m
The park's walking trail is 1.5m.;1.5m
The water pipe is 900m.;900m
The beach extends for 12m.;12m
The trail's length is 8.5m.;8.5m;length
The river's depth is 100m.;100m
The canyon's width is 1m.;1m
The mountain hike covers 14m.;14m
The bridge is 750m long.;750m
The pipeline length is 3.7m.;3.7m;length
The building's width is 80m.;80m
The forest path is 2.2m.;2.2m
The distance between the markers is 500m.;500m;distance
The road width is 20m.;20m
The stream is 1.8m long.;1.8m
The mountain's base circumference is 25m.;25m
The walkway stretches 250m.;250m
The bridge's height above water is 40m.;40m
The running trail is 5.5m.;5.5m
The underground passage is 1.1m.;1.1m
The building spans 120m.;120m
The hiking trail extends for 15 km.;15 km
The bridge spans 500 km across the river.;500 km
The marathon race is 42.195 km long.;42.195 km
The building's height is measured at 150 km.;150 km
The depth of the lake is approximately 50 km.;50 km
The width of the football field is 68 km.;68 km
The cable stretches for 200 km.;200 km
The tunnel is 2.4 km long.;2.4 km
The rope used in the climbing gym is 30 km long.;30 km
The pipeline runs for 10 km.;10 km
The swimming pool is 25 km in length.;25 km;length
The skyscraper stands at a height of 300 km.;300 km
The runway measures 3.5 km.;3.5 km
The fence around the property is 100 km long.;100 km
The river's width at its widest point is 1.2 km.;1.2 km
The hiking path is 8 km.;8 km
The cable car route is 1.5 km.;1.5 km
The street is 500 km long.;500 km
The suspension bridge is 2 km in length.;2 km;length
The antenna tower is 250 km tall.;250 km
The depth of the ocean at this point is 3 km.;3 km
The length of the tennis court is 23.77 km.;23.77 km;length
The distance between the two cities is 25 km.;25 km;distance
The jogging track is 400 km.;400 km
The pier extends 100 km into the sea.;100 km
The canyon's depth is about 1.6 km.;1.6 km
The length of the river is 1200 km.;1200 km;length
The track is 200 km long.;200 km
The railway line stretches for 500 km.;500 km
The path around the lake is 2.5 km.;2.5 km
The walkway is 150 km in length.;150 km;length
The runway at the airport is 2.8 km.;2.8 km
The depth of the mine is 1 km.;1 km
The skyscraper's height is 450 km.;450 km
The ship's length is 300 km.;300 km;length
The zipline is 800 km long.;800 km
The depth of the well is 60 km.;60 km
The boardwalk extends 1 km along the beach.;1 km
The fence is 50 km long.;50 km
The cycling route covers 20 km.;20 km
The forest trail is 12 km long.;12 km
The height of the roller coaster is 60 km.;60 km
The cable is 100 km long.;100 km
The mountain's elevation gain is 1.2 km.;1.2 km
The riverbank is 600 km.;600 km
The distance between the two points is 5 km.;5 km;distance
The hiking trail is 7.5 km.;7.5 km
The bridge is 1 km long.;1 km
The skyscraper is 380 km tall.;380 km
The pool is 50 km in length.;50 km;length
The road stretches for 200 km.;200 km
The cable car track is 3 km.;3 km
The tunnel length is 1.7 km.;1.7 km;length
The cliff's height is 150 km.;150 km
The diameter of the park is 2 km.;2 km
The pathway around the garden is 800 km.;800 km
The mountain trail is 4 km.;4 km
The length of the boat is 25 km.;25 km;length
The jetty extends 200 km into the lake.;200 km
The running track is 300 km long.;300 km
The depth of the canyon is 2.3 km.;2.3 km
The length of the hallway is 50 km.;50 km;length
The ocean trench depth is 11 km.;11 km
The avenue runs for 3 km.;3 km
The perimeter of the park is 2.5 km.;2.5 km
The mountain's vertical rise is 2 km.;2 km
The distance to the horizon is 4.7 km.;4.7 km;distance
The width of the street is 30 km.;30 km
The hiking route is 18 km.;18 km
The length of the tunnel is 1.3 km.;1.3 km;length
The skyscraper reaches 420 km.;420 km
The depth of the reservoir is 70 km.;70 km
The walking path is 600 km long.;600 km
The zip line's length is 1 km.;1 km;length
The height of the dam is 130 km.;130 km
The total length of the tour is 10 km.;10 km;length
The tree's height is 30 km.;30 km
The race track is 3.2 km.;3.2 km
The tunnel runs for 5 km.;5 km
The bridge height is 55 km.;55 km
The park's walking trail is 1.5 km.;1.5 km
The water pipe is 900 km.;900 km
The beach extends for 12 km.;12 km
The trail's length is 8.5 km.;8.5 km;length
The river's depth is 100 km.;100 km
The canyon's width is 1 km.;1 km
The mountain hike covers 14 km.;14 km
The bridge is 750 km long.;750 km
The pipeline length is 3.7 km.;3.7 km;length
The building's width is 80 km.;80 km
The forest path is 2.2 km.;2.2 km
The distance between the markers is 500 km.;500 km;distance
The road width is 20 km.;20 km
The stream is 1.8 km long.;1.8 km
The mountain's base circumference is 25 km.;25 km
The walkway stretches 250 km.;250 km
The bridge's height above water is 40 km.;40 km
The running trail is 5.5 km.;5.5 km
The underground passage is 1.1 km.;1.1 km
The building spans 120 km.;120 km
The hiking trail extends for 15 µm.;15 µm
The bridge spans 500 µm across the river.;500 µm
The marathon race is 42.195 µm long.;42.195 µm
The building's height is measured at 150 µm.;150 µm
The depth of the lake is approximately 50 µm.;50 µm
The width of the football field is 68 µm.;68 µm
The cable stretches for 200 µm.;200 µm
The tunnel is 2.4 µm long.;2.4 µm
The rope used in the climbing gym is 30 µm long.;30 µm
The pipeline runs for 10 µm.;10 µm
The swiµming pool is 25 µm in length.;25 µm;length
The skyscraper stands at a height of 300 µm.;300 µm
The runway measures 3.5 µm.;3.5 µm
The fence around the property is 100 µm long.;100 µm
The river's width at its widest point is 1.2 µm.;1.2 µm
The hiking path is 8 µm.;8 µm
The cable car route is 1.5 µm.;1.5 µm
The street is 500 µm long.;500 µm
The suspension bridge is 2 µm in length.;2 µm;length
The antenna tower is 250 µm tall.;250 µm
The depth of the ocean at this point is 3 µm.;3 µm
The length of the tennis court is 23.77 µm.;23.77 µm;length
The distance between the two cities is 25 µm.;25 µm;distance
The jogging track is 400 µm.;400 µm
The pier extends 100 µm into the sea.;100 µm
The canyon's depth is about 1.6 µm.;1.6 µm
The length of the river is 1200 µm.;1200 µm;length
The track is 200 µm long.;200 µm
The railway line stretches for 500 µm.;500 µm
The path around the lake is 2.5 µm.;2.5 µm
The walkway is 150 µm in length.;150 µm;length
The runway at the airport is 2.8 µm.;2.8 µm
The depth of the mine is 1 µm.;1 µm
The skyscraper's height is 450 µm.;450 µm
The ship's length is 300 µm.;300 µm;length
The zipline is 800 µm long.;800 µm
The depth of the well is 60 µm.;60 µm
The boardwalk extends 1 µm along the beach.;1 µm
The fence is 50 µm long.;50 µm
The cycling route covers 20 µm.;20 µm
The forest trail is 12 µm long.;12 µm
The height of the roller coaster is 60 µm.;60 µm
The cable is 100 µm long.;100 µm
The mountain's elevation gain is 1.2 µm.;1.2 µm
The riverbank is 600 µm.;600 µm
The distance between the two points is 5 µm.;5 µm;distance
The hiking trail is 7.5 µm.;7.5 µm
The bridge is 1 µm long.;1 µm
The skyscraper is 380 µm tall.;380 µm
The pool is 50 µm in length.;50 µm;length
The road stretches for 200 µm.;200 µm
The cable car track is 3 µm.;3 µm
The tunnel length is 1.7 µm.;1.7 µm;length
The cliff's height is 150 µm.;150 µm
The diameter of the park is 2 µm.;2 µm
The pathway around the garden is 800 µm.;800 µm
The mountain trail is 4 µm.;4 µm
The length of the boat is 25 µm.;25 µm;length
The jetty extends 200 µm into the lake.;200 µm
The running track is 300 µm long.;300 µm
The depth of the canyon is 2.3 µm.;2.3 µm
The length of the hallway is 50 µm.;50 µm;length
The ocean trench depth is 11 µm.;11 µm
The avenue runs for 3 µm.;3 µm
The perimeter of the park is 2.5 µm.;2.5 µm
The mountain's vertical rise is 2 µm.;2 µm
The distance to the horizon is 4.7 µm.;4.7 µm;distance
The width of the street is 30 µm.;30 µm
The hiking route is 18 µm.;18 µm
The length of the tunnel is 1.3 µm.;1.3 µm;length
The skyscraper reaches 420 µm.;420 µm
The depth of the reservoir is 70 µm.;70 µm
The walking path is 600 µm long.;600 µm
The zip line's length is 1 µm.;1 µm;length
The height of the dam is 130 µm.;130 µm
The total length of the tour is 10 µm.;10 µm;length
The tree's height is 30 µm.;30 µm
The race track is 3.2 µm.;3.2 µm
The tunnel runs for 5 µm.;5 µm
The bridge height is 55 µm.;55 µm
The park's walking trail is 1.5 µm.;1.5 µm
The water pipe is 900 µm.;900 µm
The beach extends for 12 µm.;12 µm
The trail's length is 8.5 µm.;8.5 µm;length
The river's depth is 100 µm.;100 µm
The canyon's width is 1 µm.;1 µm
The mountain hike covers 14 µm.;14 µm
The bridge is 750 µm long.;750 µm
The pipeline length is 3.7 µm.;3.7 µm;length
The building's width is 80 µm.;80 µm
The forest path is 2.2 µm.;2.2 µm
The distance between the markers is 500 µm.;500 µm;distance
The road width is 20 µm.;20 µm
The stream is 1.8 µm long.;1.8 µm
The mountain's base circumference is 25 µm.;25 µm
The walkway stretches 250 µm.;250 µm
The bridge's height above water is 40 µm.;40 µm
The running trail is 5.5 µm.;5.5 µm
The underground passage is 1.1 µm.;1.1 µm
The building spans 120 µm.;120 µm
The hiking trail extends for 15 nm.;15 nm
The bridge spans 500 nm across the river.;500 nm
The marathon race is 42.195 nm long.;42.195 nm
The building's height is measured at 150 nm.;150 nm
The depth of the lake is approximately 50 nm.;50 nm
The width of the football field is 68 nm.;68 nm
The cable stretches for 200 nm.;200 nm
The tunnel is 2.4 nm long.;2.4 nm
The rope used in the climbing gym is 30 nm long.;30 nm
The pipeline runs for 10 nm.;10 nm
The swinming pool is 25 nm in length.;25 nm;length
The skyscraper stands at a height of 300 nm.;300 nm
The runway measures 3.5 nm.;3.5 nm
The fence around the property is 100 nm long.;100 nm
The river's width at its widest point is 1.2 nm.;1.2 nm
The hiking path is 8 nm.;8 nm
The cable car route is 1.5 nm.;1.5 nm
The street is 500 nm long.;500 nm
The suspension bridge is 2 nm in length.;2 nm;length
The antenna tower is 250 nm tall.;250 nm
The depth of the ocean at this point is 3 nm.;3 nm
The length of the tennis court is 23.77 nm.;23.77 nm;length
The distance between the two cities is 25 nm.;25 nm;distance
The jogging track is 400 nm.;400 nm
The pier extends 100 nm into the sea.;100 nm
The canyon's depth is about 1.6 nm.;1.6 nm
The length of the river is 1200 nm.;1200 nm;length
The track is 200 nm long.;200 nm
The railway line stretches for 500 nm.;500 nm
The path around the lake is 2.5 nm.;2.5 nm
The walkway is 150 nm in length.;150 nm;length
The runway at the airport is 2.8 nm.;2.8 nm
The depth of the mine is 1 nm.;1 nm
The skyscraper's height is 450 nm.;450 nm
The ship's length is 300 nm.;300 nm;length
The zipline is 800 nm long.;800 nm
The depth of the well is 60 nm.;60 nm
The boardwalk extends 1 nm along the beach.;1 nm
The fence is 50 nm long.;50 nm
The cycling route covers 20 nm.;20 nm
The forest trail is 12 nm long.;12 nm
The height of the roller coaster is 60 nm.;60 nm
The cable is 100 nm long.;100 nm
The mountain's elevation gain is 1.2 nm.;1.2 nm
The riverbank is 600 nm.;600 nm
The distance between the two points is 5 nm.;5 nm;distance
The hiking trail is 7.5 nm.;7.5 nm
The bridge is 1 nm long.;1 nm
The skyscraper is 380 nm tall.;380 nm
The pool is 50 nm in length.;50 nm;length
The road stretches for 200 nm.;200 nm
The cable car track is 3 nm.;3 nm
The tunnel length is 1.7 nm.;1.7 nm;length
The cliff's height is 150 nm.;150 nm
The diameter of the park is 2 nm.;2 nm
The pathway around the garden is 800 nm.;800 nm
The mountain trail is 4 nm.;4 nm
The length of the boat is 25 nm.;25 nm;length
The jetty extends 200 nm into the lake.;200 nm
The running track is 300 nm long.;300 nm
The depth of the canyon is 2.3 nm.;2.3 nm
The length of the hallway is 50 nm.;50 nm;length
The ocean trench depth is 11 nm.;11 nm
The avenue runs for 3 nm.;3 nm
The perimeter of the park is 2.5 nm.;2.5 nm
The mountain's vertical rise is 2 nm.;2 nm
The distance to the horizon is 4.7 nm.;4.7 nm;distance
The width of the street is 30 nm.;30 nm
The hiking route is 18 nm.;18 nm
The length of the tunnel is 1.3 nm.;1.3 nm;length
The skyscraper reaches 420 nm.;420 nm
The depth of the reservoir is 70 nm.;70 nm
The walking path is 600 nm long.;600 nm
The zip line's length is 1 nm.;1 nm;length
The height of the dam is 130 nm.;130 nm
The total length of the tour is 10 nm.;10 nm;length
The tree's height is 30 nm.;30 nm
The race track is 3.2 nm.;3.2 nm
The tunnel runs for 5 nm.;5 nm
The bridge height is 55 nm.;55 nm
The park's walking trail is 1.5 nm.;1.5 nm
The water pipe is 900 nm.;900 nm
The beach extends for 12 nm.;12 nm
The trail's length is 8.5 nm.;8.5 nm;length
The river's depth is 100 nm.;100 nm
The canyon's width is 1 nm.;1 nm
The mountain hike covers 14 nm.;14 nm
The bridge is 750 nm long.;750 nm
The pipeline length is 3.7 nm.;3.7 nm;length
The building's width is 80 nm.;80 nm
The forest path is 2.2 nm.;2.2 nm
The distance between the markers is 500 nm.;500 nm;distance
The road width is 20 nm.;20 nm
The stream is 1.8 nm long.;1.8 nm
The mountain's base circumference is 25 nm.;25 nm
The walkway stretches 250 nm.;250 nm
The bridge's height above water is 40 nm.;40 nm
The running trail is 5.5 nm.;5.5 nm
The underground passage is 1.1 nm.;1.1 nm
The building spans 120 nm.;120 nm
The hiking trail extends for 15 mm.;15 mm
The bridge spans 500 mm across the river.;500 mm
The marathon race is 42.195 mm long.;42.195 mm
The building's height is measured at 150 mm.;150 mm
The depth of the lake is approximately 50 mm.;50 mm
The width of the football field is 68 mm.;68 mm
The cable stretches for 200 mm.;200 mm
The tunnel is 2.4 mm long.;2.4 mm
The rope used in the climbing gym is 30 mm long.;30 mm
The pipeline runs for 10 mm.;10 mm
The swimming pool is 25 mm in length.;25 mm;length
The skyscraper stands at a height of 300 mm.;300 mm
The runway measures 3.5 mm.;3.5 mm
The fence around the property is 100 mm long.;100 mm
The river's width at its widest point is 1.2 mm.;1.2 mm
The hiking path is 8 mm.;8 mm
The cable car route is 1.5 mm.;1.5 mm
The street is 500 mm long.;500 mm
The suspension bridge is 2 mm in length.;2 mm;length
The antenna tower is 250 mm tall.;250 mm
The depth of the ocean at this point is 3 mm.;3 mm
The length of the tennis court is 23.77 mm.;23.77 mm;length
The distance between the two cities is 25 mm.;25 mm;distance
The jogging track is 400 mm.;400 mm
The pier extends 100 mm into the sea.;100 mm
The canyon's depth is about 1.6 mm.;1.6 mm
The length of the river is 1200 mm.;1200 mm;length
The track is 200 mm long.;200 mm
The railway line stretches for 500 mm.;500 mm
The path around the lake is 2.5 mm.;2.5 mm
The walkway is 150 mm in length.;150 mm;length
The runway at the airport is 2.8 mm.;2.8 mm
The depth of the mine is 1 mm.;1 mm
The skyscraper's height is 450 mm.;450 mm
The ship's length is 300 mm.;300 mm;length
The zipline is 800 mm long.;800 mm
The depth of the well is 60 mm.;60 mm
The boardwalk extends 1 mm along the beach.;1 mm
The fence is 50 mm long.;50 mm
The cycling route covers 20 mm.;20 mm
The forest trail is 12 mm long.;12 mm
The height of the roller coaster is 60 mm.;60 mm
The cable is 100 mm long.;100 mm
The mountain's elevation gain is 1.2 mm.;1.2 mm
The riverbank is 600 mm.;600 mm
The distance between the two points is 5 mm.;5 mm;distance
The hiking trail is 7.5 mm.;7.5 mm
The bridge is 1 mm long.;1 mm
The skyscraper is 380 mm tall.;380 mm
The pool is 50 mm in length.;50 mm;length
The road stretches for 200 mm.;200 mm
The cable car track is 3 mm.;3 mm
The tunnel length is 1.7 mm.;1.7 mm;length
The cliff's height is 150 mm.;150 mm
The diameter of the park is 2 mm.;2 mm
The pathway around the garden is 800 mm.;800 mm
The mountain trail is 4 mm.;4 mm
The length of the boat is 25 mm.;25 mm;length
The jetty extends 200 mm into the lake.;200 mm
The running track is 300 mm long.;300 mm
The depth of the canyon is 2.3 mm.;2.3 mm
The length of the hallway is 50 mm.;50 mm;length
The ocean trench depth is 11 mm.;11 mm
The avenue runs for 3 mm.;3 mm
The perimeter of the park is 2.5 mm.;2.5 mm
The mountain's vertical rise is 2 mm.;2 mm
The distance to the horizon is 4.7 mm.;4.7 mm;distance
The width of the street is 30 mm.;30 mm
The hiking route is 18 mm.;18 mm
The length of the tunnel is 1.3 mm.;1.3 mm;length
The skyscraper reaches 420 mm.;420 mm
The depth of the reservoir is 70 mm.;70 mm
The walking path is 600 mm long.;600 mm
The zip line's length is 1 mm.;1 mm;length
The height of the dam is 130 mm.;130 mm
The total length of the tour is 10 mm.;10 mm;length
The tree's height is 30 mm.;30 mm
The race track is 3.2 mm.;3.2 mm
The tunnel runs for 5 mm.;5 mm
The bridge height is 55 mm.;55 mm
The park's walking trail is 1.5 mm.;1.5 mm
The water pipe is 900 mm.;900 mm
The beach extends for 12 mm.;12 mm
The trail's length is 8.5 mm.;8.5 mm;length
The river's depth is 100 mm.;100 mm
The canyon's width is 1 mm.;1 mm
The mountain hike covers 14 mm.;14 mm
The bridge is 750 mm long.;750 mm
The pipeline length is 3.7 mm.;3.7 mm;length
The building's width is 80 mm.;80 mm
The forest path is 2.2 mm.;2.2 mm
The distance between the markers is 500 mm.;500 mm;distance
The road width is 20 mm.;20 mm
The stream is 1.8 mm long.;1.8 mm
The mountain's base circumference is 25 mm.;25 mm
The walkway stretches 250 mm.;250 mm
The bridge's height above water is 40 mm.;40 mm
The running trail is 5.5 mm.;5.5 mm
The underground passage is 1.1 mm.;1.1 mm
The building spans 120 mm.;120 mm
The hiking trail extends for 15 millimeter.;15 millimeter
The bridge spans 500 millimeter across the river.;500 millimeter
The marathon race is 42.195 millimeter long.;42.195 millimeter
The building's height is measured at 150 millimeter.;150 millimeter
The depth of the lake is approximately 50 millimeter.;50 millimeter
The width of the football field is 68 millimeter.;68 millimeter
The cable stretches for 200 millimeter.;200 millimeter
The tunnel is 2.4 millimeter long.;2.4 millimeter
The rope used in the climbing gym is 30 millimeter long.;30 millimeter
The pipeline runs for 10 millimeter.;10 millimeter
The swimming pool is 25 millimeter in length.;25 millimeter;length
The skyscraper stands at a height of 300 millimeter.;300 millimeter
The runway measures 3.5 millimeter.;3.5 millimeter
The fence around the property is 100 millimeter long.;100 millimeter
The river's width at its widest point is 1.2 millimeter.;1.2 millimeter
The hiking path is 8 millimeter.;8 millimeter
The cable car route is 1.5 millimeter.;1.5 millimeter
The street is 500 millimeter long.;500 millimeter
The suspension bridge is 2 millimeter in length.;2 millimeter;length
The antenna tower is 250 millimeter tall.;250 millimeter
The depth of the ocean at this point is 3 millimeter.;3 millimeter
The length of the tennis court is 23.77 millimeter.;23.77 millimeter;length
The distance between the two cities is 25 millimeter.;25 millimeter;distance
The jogging track is 400 millimeter.;400 millimeter
The pier extends 100 millimeter into the sea.;100 millimeter
The canyon's depth is about 1.6 millimeter.;1.6 millimeter
The length of the river is 1200 millimeter.;1200 millimeter;length
The track is 200 millimeter long.;200 millimeter
The railway line stretches for 500 millimeter.;500 millimeter
The path around the lake is 2.5 millimeter.;2.5 millimeter
The walkway is 150 millimeter in length.;150 millimeter;length
The runway at the airport is 2.8 millimeter.;2.8 millimeter
The depth of the mine is 1 millimeter.;1 millimeter
The skyscraper's height is 450 millimeter.;450 millimeter
The ship's length is 300 millimeter.;300 millimeter;length
The zipline is 800 millimeter long.;800 millimeter
The depth of the well is 60 millimeter.;60 millimeter
The boardwalk extends 1 millimeter along the beach.;1 millimeter
The fence is 50 millimeter long.;50 millimeter
The cycling route covers 20 millimeter.;20 millimeter
The forest trail is 12 millimeter long.;12 millimeter
The height of the roller coaster is 60 millimeter.;60 millimeter
The cable is 100 millimeter long.;100 millimeter
The mountain's elevation gain is 1.2 millimeter.;1.2 millimeter
The riverbank is 600 millimeter.;600 millimeter
The distance between the two points is 5 millimeter.;5 millimeter;distance
The hiking trail is 7.5 millimeter.;7.5 millimeter
The bridge is 1 millimeter long.;1 millimeter
The skyscraper is 380 millimeter tall.;380 millimeter
The pool is 50 millimeter in length.;50 millimeter;length
The road stretches for 200 millimeter.;200 millimeter
The cable car track is 3 millimeter.;3 millimeter
The tunnel length is 1.7 millimeter.;1.7 millimeter;length
The cliff's height is 150 millimeter.;150 millimeter
The diameter of the park is 2 millimeter.;2 millimeter
The pathway around the garden is 800 millimeter.;800 millimeter
The mountain trail is 4 millimeter.;4 millimeter
The length of the boat is 25 millimeter.;25 millimeter;length
The jetty extends 200 millimeter into the lake.;200 millimeter
The running track is 300 millimeter long.;300 millimeter
The depth of the canyon is 2.3 millimeter.;2.3 millimeter
The length of the hallway is 50 millimeter.;50 millimeter;length
The ocean trench depth is 11 millimeter.;11 millimeter
The avenue runs for 3 millimeter.;3 millimeter
The perimeter of the park is 2.5 millimeter.;2.5 millimeter
The mountain's vertical rise is 2 millimeter.;2 millimeter
The distance to the horizon is 4.7 millimeter.;4.7 millimeter;distance
The width of the street is 30 millimeter.;30 millimeter
The hiking route is 18 millimeter.;18 millimeter
The length of the tunnel is 1.3 millimeter.;1.3 millimeter;length
The skyscraper reaches 420 millimeter.;420 millimeter
The depth of the reservoir is 70 millimeter.;70 millimeter
The walking path is 600 millimeter long.;600 millimeter
The zip line's length is 1 millimeter.;1 millimeter;length
The height of the dam is 130 millimeter.;130 millimeter
The total length of the tour is 10 millimeter.;10 millimeter;length
The tree's height is 30 millimeter.;30 millimeter
The race track is 3.2 millimeter.;3.2 millimeter
The tunnel runs for 5 millimeter.;5 millimeter
The bridge height is 55 millimeter.;55 millimeter
The park's walking trail is 1.5 millimeter.;1.5 millimeter
The water pipe is 900 millimeter.;900 millimeter
The beach extends for 12 millimeter.;12 millimeter
The trail's length is 8.5 millimeter.;8.5 millimeter;length
The river's depth is 100 millimeter.;100 millimeter
The canyon's width is 1 millimeter.;1 millimeter
The mountain hike covers 14 millimeter.;14 millimeter
The bridge is 750 millimeter long.;750 millimeter
The pipeline length is 3.7 millimeter.;3.7 millimeter;length
The building's width is 80 millimeter.;80 millimeter
The forest path is 2.2 millimeter.;2.2 millimeter
The distance between the markers is 500 millimeter.;500 millimeter;distance
The road width is 20 millimeter.;20 millimeter
The stream is 1.8 millimeter long.;1.8 millimeter
The mountain's base circumference is 25 millimeter.;25 millimeter
The walkway stretches 250 millimeter.;250 millimeter
The bridge's height above water is 40 millimeter.;40 millimeter
The running trail is 5.5 millimeter.;5.5 millimeter
The underground passage is 1.1 millimeter.;1.1 millimeter
The building spans 120 millimeter.;120 millimeter
The hiking trail extends for 15 micrometer.;15 micrometer
The bridge spans 500 micrometer across the river.;500 micrometer
The marathon race is 42.195 micrometer long.;42.195 micrometer
The building's height is measured at 150 micrometer.;150 micrometer
The depth of the lake is approximately 50 micrometer.;50 micrometer
The width of the football field is 68 micrometer.;68 micrometer
The cable stretches for 200 micrometer.;200 micrometer
The tunnel is 2.4 micrometer long.;2.4 micrometer
The rope used in the climbing gym is 30 micrometer long.;30 micrometer
The pipeline runs for 10 micrometer.;10 micrometer
The swimming pool is 25 micrometer in length.;25 micrometer;length
The skyscraper stands at a height of 300 micrometer.;300 micrometer
The runway measures 3.5 micrometer.;3.5 micrometer
The fence around the property is 100 micrometer long.;100 micrometer
The river's width at its widest point is 1.2 micrometer.;1.2 micrometer
The hiking path is 8 micrometer.;8 micrometer
The cable car route is 1.5 micrometer.;1.5 micrometer
The street is 500 micrometer long.;500 micrometer
The suspension bridge is 2 micrometer in length.;2 micrometer;length
The antenna tower is 250 micrometer tall.;250 micrometer
The depth of the ocean at this point is 3 micrometer.;3 micrometer
The length of the tennis court is 23.77 micrometer.;23.77 micrometer;length
The distance between the two cities is 25 micrometer.;25 micrometer;distance
The jogging track is 400 micrometer.;400 micrometer
The pier extends 100 micrometer into the sea.;100 micrometer
The canyon's depth is about 1.6 micrometer.;1.6 micrometer
The length of the river is 1200 micrometer.;1200 micrometer;length
The track is 200 micrometer long.;200 micrometer
The railway line stretches for 500 micrometer.;500 micrometer
The path around the lake is 2.5 micrometer.;2.5 micrometer
The walkway is 150 micrometer in length.;150 micrometer;length
The runway at the airport is 2.8 micrometer.;2.8 micrometer
The depth of the mine is 1 micrometer.;1 micrometer
The skyscraper's height is 450 micrometer.;450 micrometer
The ship's length is 300 micrometer.;300 micrometer;length
The zipline is 800 micrometer long.;800 micrometer
The depth of the well is 60 micrometer.;60 micrometer
The boardwalk extends 1 micrometer along the beach.;1 micrometer
The fence is 50 micrometer long.;50 micrometer
The cycling route covers 20 micrometer.;20 micrometer
The forest trail is 12 micrometer long.;12 micrometer
The height of the roller coaster is 60 micrometer.;60 micrometer
The cable is 100 micrometer long.;100 micrometer
The mountain's elevation gain is 1.2 micrometer.;1.2 micrometer
The riverbank is 600 micrometer.;600 micrometer
The distance between the two points is 5 micrometer.;5 micrometer;distance
The hiking trail is 7.5 micrometer.;7.5 micrometer
The bridge is 1 micrometer long.;1 micrometer
The skyscraper is 380 micrometer tall.;380 micrometer
The pool is 50 micrometer in length.;50 micrometer;length
The road stretches for 200 micrometer.;200 micrometer
The cable car track is 3 micrometer.;3 micrometer
The tunnel length is 1.7 micrometer.;1.7 micrometer;length
The cliff's height is 150 micrometer.;150 micrometer
The diameter of the park is 2 micrometer.;2 micrometer
The pathway around the garden is 800 micrometer.;800 micrometer
The mountain trail is 4 micrometer.;4 micrometer
The length of the boat is 25 micrometer.;25 micrometer;length
The jetty extends 200 micrometer into the lake.;200 micrometer
The running track is 300 micrometer long.;300 micrometer
The depth of the canyon is 2.3 micrometer.;2.3 micrometer
The length of the hallway is 50 micrometer.;50 micrometer;length
The ocean trench depth is 11 micrometer.;11 micrometer
The avenue runs for 3 micrometer.;3 micrometer
The perimeter of the park is 2.5 micrometer.;2.5 micrometer
The mountain's vertical rise is 2 micrometer.;2 micrometer
The distance to the horizon is 4.7 micrometer.;4.7 micrometer;distance
The width of the street is 30 micrometer.;30 micrometer
The hiking route is 18 micrometer.;18 micrometer
The length of the tunnel is 1.3 micrometer.;1.3 micrometer;length
The skyscraper reaches 420 micrometer.;420 micrometer
The depth of the reservoir is 70 micrometer.;70 micrometer
The walking path is 600 micrometer long.;600 micrometer
The zip line's length is 1 micrometer.;1 micrometer;length
The height of the dam is 130 micrometer.;130 micrometer
The total length of the tour is 10 micrometer.;10 micrometer;length
The tree's height is 30 micrometer.;30 micrometer
The race track is 3.2 micrometer.;3.2 micrometer
The tunnel runs for 5 micrometer.;5 micrometer
The bridge height is 55 micrometer.;55 micrometer
The park's walking trail is 1.5 micrometer.;1.5 micrometer
The water pipe is 900 micrometer.;900 micrometer
The beach extends for 12 micrometer.;12 micrometer
The trail's length is 8.5 micrometer.;8.5 micrometer;length
The river's depth is 100 micrometer.;100 micrometer
The canyon's width is 1 micrometer.;1 micrometer
The mountain hike covers 14 micrometer.;14 micrometer
The bridge is 750 micrometer long.;750 micrometer
The pipeline length is 3.7 micrometer.;3.7 micrometer;length
The building's width is 80 micrometer.;80 micrometer
The forest path is 2.2 micrometer.;2.2 micrometer
The distance between the markers is 500 micrometer.;500 micrometer;distance
The road width is 20 micrometer.;20 micrometer
The stream is 1.8 micrometer long.;1.8 micrometer
The mountain's base circumference is 25 micrometer.;25 micrometer
The walkway stretches 250 micrometer.;250 micrometer
The bridge's height above water is 40 micrometer.;40 micrometer
The running trail is 5.5 micrometer.;5.5 micrometer
The underground passage is 1.1 micrometer.;1.1 micrometer
The building spans 120 micrometer.;120 micrometer
The hiking trail extends for 15 kilometer.;15 kilometer
The bridge spans 500 kilometer across the river.;500 kilometer
The marathon race is 42.195 kilometer long.;42.195 kilometer
The building's height is measured at 150 kilometer.;150 kilometer
The depth of the lake is approximately 50 kilometer.;50 kilometer
The width of the football field is 68 kilometer.;68 kilometer
The cable stretches for 200 kilometer.;200 kilometer
The tunnel is 2.4 kilometer long.;2.4 kilometer
The rope used in the climbing gym is 30 kilometer long.;30 kilometer
The pipeline runs for 10 kilometer.;10 kilometer
The swimming pool is 25 kilometer in length.;25 kilometer;length
The skyscraper stands at a height of 300 kilometer.;300 kilometer
The runway measures 3.5 kilometer.;3.5 kilometer
The fence around the property is 100 kilometer long.;100 kilometer
The river's width at its widest point is 1.2 kilometer.;1.2 kilometer
The hiking path is 8 kilometer.;8 kilometer
The cable car route is 1.5 kilometer.;1.5 kilometer
The street is 500 kilometer long.;500 kilometer
The suspension bridge is 2 kilometer in length.;2 kilometer;length
The antenna tower is 250 kilometer tall.;250 kilometer
The depth of the ocean at this point is 3 kilometer.;3 kilometer
The length of the tennis court is 23.77 kilometer.;23.77 kilometer;length
The distance between the two cities is 25 kilometer.;25 kilometer;distance
The jogging track is 400 kilometer.;400 kilometer
The pier extends 100 kilometer into the sea.;100 kilometer
The canyon's depth is about 1.6 kilometer.;1.6 kilometer
The length of the river is 1200 kilometer.;1200 kilometer;length
The track is 200 kilometer long.;200 kilometer
The railway line stretches for 500 kilometer.;500 kilometer
The path around the lake is 2.5 kilometer.;2.5 kilometer
The walkway is 150 kilometer in length.;150 kilometer;length
The runway at the airport is 2.8 kilometer.;2.8 kilometer
The depth of the mine is 1 kilometer.;1 kilometer
The skyscraper's height is 450 kilometer.;450 kilometer
The ship's length is 300 kilometer.;300 kilometer;length
The zipline is 800 kilometer long.;800 kilometer
The depth of the well is 60 kilometer.;60 kilometer
The boardwalk extends 1 kilometer along the beach.;1 kilometer
The fence is 50 kilometer long.;50 kilometer
The cycling route covers 20 kilometer.;20 kilometer
The forest trail is 12 kilometer long.;12 kilometer
The height of the roller coaster is 60 kilometer.;60 kilometer
The cable is 100 kilometer long.;100 kilometer
The mountain's elevation gain is 1.2 kilometer.;1.2 kilometer
The riverbank is 600 kilometer.;600 kilometer
The distance between the two points is 5 kilometer.;5 kilometer;distance
The hiking trail is 7.5 kilometer.;7.5 kilometer
The bridge is 1 kilometer long.;1 kilometer
The skyscraper is 380 kilometer tall.;380 kilometer
The pool is 50 kilometer in length.;50 kilometer;length
The road stretches for 200 kilometer.;200 kilometer
The cable car track is 3 kilometer.;3 kilometer
The tunnel length is 1.7 kilometer.;1.7 kilometer;length
The cliff's height is 150 kilometer.;150 kilometer
The diameter of the park is 2 kilometer.;2 kilometer
The pathway around the garden is 800 kilometer.;800 kilometer
The mountain trail is 4 kilometer.;4 kilometer
The length of the boat is 25 kilometer.;25 kilometer;length
The jetty extends 200 kilometer into the lake.;200 kilometer
The running track is 300 kilometer long.;300 kilometer
The depth of the canyon is 2.3 kilometer.;2.3 kilometer
The length of the hallway is 50 kilometer.;50 kilometer;length
The ocean trench depth is 11 kilometer.;11 kilometer
The avenue runs for 3 kilometer.;3 kilometer
The perimeter of the park is 2.5 kilometer.;2.5 kilometer
The mountain's vertical rise is 2 kilometer.;2 kilometer
The distance to the horizon is 4.7 kilometer.;4.7 kilometer;distance
The width of the street is 30 kilometer.;30 kilometer
The hiking route is 18 kilometer.;18 kilometer
The length of the tunnel is 1.3 kilometer.;1.3 kilometer;length
The skyscraper reaches 420 kilometer.;420 kilometer
The depth of the reservoir is 70 kilometer.;70 kilometer
The walking path is 600 kilometer long.;600 kilometer
The zip line's length is 1 kilometer.;1 kilometer;length
The height of the dam is 130 kilometer.;130 kilometer
The total length of the tour is 10 kilometer.;10 kilometer;length
The tree's height is 30 kilometer.;30 kilometer
The race track is 3.2 kilometer.;3.2 kilometer
The tunnel runs for 5 kilometer.;5 kilometer
The bridge height is 55 kilometer.;55 kilometer
The park's walking trail is 1.5 kilometer.;1.5 kilometer
The water pipe is 900 kilometer.;900 kilometer
The beach extends for 12 kilometer.;12 kilometer
The trail's length is 8.5 kilometer.;8.5 kilometer;length
The river's depth is 100 kilometer.;100 kilometer
The canyon's width is 1 kilometer.;1 kilometer
The mountain hike covers 14 kilometer.;14 kilometer
The bridge is 750 kilometer long.;750 kilometer
The pipeline length is 3.7 kilometer.;3.7 kilometer;length
The building's width is 80 kilometer.;80 kilometer
The forest path is 2.2 kilometer.;2.2 kilometer
The distance between the markers is 500 kilometer.;500 kilometer;distance
The road width is 20 kilometer.;20 kilometer
The stream is 1.8 kilometer long.;1.8 kilometer
The mountain's base circumference is 25 kilometer.;25 kilometer
The walkway stretches 250 kilometer.;250 kilometer
The bridge's height above water is 40 kilometer.;40 kilometer
The running trail is 5.5 kilometer.;5.5 kilometer
The underground passage is 1.1 kilometer.;1.1 kilometer
The building spans 120 kilometer.;120 kilometer
The hiking trail extends for 15 nanometer.;15 nanometer
The bridge spans 500 nanometer across the river.;500 nanometer
The marathon race is 42.195 nanometer long.;42.195 nanometer
The building's height is measured at 150 nanometer.;150 nanometer
The depth of the lake is approximately 50 nanometer.;50 nanometer
The width of the football field is 68 nanometer.;68 nanometer
The cable stretches for 200 nanometer.;200 nanometer
The tunnel is 2.4 nanometer long.;2.4 nanometer
The rope used in the climbing gym is 30 nanometer long.;30 nanometer
The pipeline runs for 10 nanometer.;10 nanometer
The swinanometering pool is 25 nanometer in length.;25 nanometer;length
The skyscraper stands at a height of 300 nanometer.;300 nanometer
The runway measures 3.5 nanometer.;3.5 nanometer
The fence around the property is 100 nanometer long.;100 nanometer
The river's width at its widest point is 1.2 nanometer.;1.2 nanometer
The hiking path is 8 nanometer.;8 nanometer
The cable car route is 1.5 nanometer.;1.5 nanometer
The street is 500 nanometer long.;500 nanometer
The suspension bridge is 2 nanometer in length.;2 nanometer;length
The antenna tower is 250 nanometer tall.;250 nanometer
The depth of the ocean at this point is 3 nanometer.;3 nanometer
The length of the tennis court is 23.77 nanometer.;23.77 nanometer;length
The distance between the two cities is 25 nanometer.;25 nanometer;distance
The jogging track is 400 nanometer.;400 nanometer
The pier extends 100 nanometer into the sea.;100 nanometer
The canyon's depth is about 1.6 nanometer.;1.6 nanometer
The length of the river is 1200 nanometer.;1200 nanometer;length
The track is 200 nanometer long.;200 nanometer
The railway line stretches for 500 nanometer.;500 nanometer
The path around the lake is 2.5 nanometer.;2.5 nanometer
The walkway is 150 nanometer in length.;150 nanometer;length
The runway at the airport is 2.8 nanometer.;2.8 nanometer
The depth of the mine is 1 nanometer.;1 nanometer
The skyscraper's height is 450 nanometer.;450 nanometer
The ship's length is 300 nanometer.;300 nanometer;length
The zipline is 800 nanometer long.;800 nanometer
The depth of the well is 60 nanometer.;60 nanometer
The boardwalk extends 1 nanometer along the beach.;1 nanometer
The fence is 50 nanometer long.;50 nanometer
The cycling route covers 20 nanometer.;20 nanometer
The forest trail is 12 nanometer long.;12 nanometer
The height of the roller coaster is 60 nanometer.;60 nanometer
The cable is 100 nanometer long.;100 nanometer
The mountain's elevation gain is 1.2 nanometer.;1.2 nanometer
The riverbank is 600 nanometer.;600 nanometer
The distance between the two points is 5 nanometer.;5 nanometer;distance
The hiking trail is 7.5 nanometer.;7.5 nanometer
The bridge is 1 nanometer long.;1 nanometer
The skyscraper is 380 nanometer tall.;380 nanometer
The pool is 50 nanometer in length.;50 nanometer;length
The road stretches for 200 nanometer.;200 nanometer
The cable car track is 3 nanometer.;3 nanometer
The tunnel length is 1.7 nanometer.;1.7 nanometer;length
The cliff's height is 150 nanometer.;150 nanometer
The diameter of the park is 2 nanometer.;2 nanometer
The pathway around the garden is 800 nanometer.;800 nanometer
The mountain trail is 4 nanometer.;4 nanometer
The length of the boat is 25 nanometer.;25 nanometer;length
The jetty extends 200 nanometer into the lake.;200 nanometer
The running track is 300 nanometer long.;300 nanometer
The depth of the canyon is 2.3 nanometer.;2.3 nanometer
The length of the hallway is 50 nanometer.;50 nanometer;length
The ocean trench depth is 11 nanometer.;11 nanometer
The avenue runs for 3 nanometer.;3 nanometer
The perimeter of the park is 2.5 nanometer.;2.5 nanometer
The mountain's vertical rise is 2 nanometer.;2 nanometer
The distance to the horizon is 4.7 nanometer.;4.7 nanometer;distance
The width of the street is 30 nanometer.;30 nanometer
The hiking route is 18 nanometer.;18 nanometer
The length of the tunnel is 1.3 nanometer.;1.3 nanometer;length
The skyscraper reaches 420 nanometer.;420 nanometer
The depth of the reservoir is 70 nanometer.;70 nanometer
The walking path is 600 nanometer long.;600 nanometer
The zip line's length is 1 nanometer.;1 nanometer;length
The height of the dam is 130 nanometer.;130 nanometer
The total length of the tour is 10 nanometer.;10 nanometer;length
The tree's height is 30 nanometer.;30 nanometer
The race track is 3.2 nanometer.;3.2 nanometer
The tunnel runs for 5 nanometer.;5 nanometer
The bridge height is 55 nanometer.;55 nanometer
The park's walking trail is 1.5 nanometer.;1.5 nanometer
The water pipe is 900 nanometer.;900 nanometer
The beach extends for 12 nanometer.;12 nanometer
The trail's length is 8.5 nanometer.;8.5 nanometer;length
The river's depth is 100 nanometer.;100 nanometer
The canyon's width is 1 nanometer.;1 nanometer
The mountain hike covers 14 nanometer.;14 nanometer
The bridge is 750 nanometer long.;750 nanometer
The pipeline length is 3.7 nanometer.;3.7 nanometer;length
The building's width is 80 nanometer.;80 nanometer
The forest path is 2.2 nanometer.;2.2 nanometer
The distance between the markers is 500 nanometer.;500 nanometer;distance
The road width is 20 nanometer.;20 nanometer
The stream is 1.8 nanometer long.;1.8 nanometer
The mountain's base circumference is 25 nanometer.;25 nanometer
The walkway stretches 250 nanometer.;250 nanometer
The bridge's height above water is 40 nanometer.;40 nanometer
The running trail is 5.5 nanometer.;5.5 nanometer
The underground passage is 1.1 nanometer.;1.1 nanometer
The building spans 120 nanometer.;120 nanometer
The IoT sensor measures the length of the room as 5 m.;5 m
The smart irrigation system waters the garden based on a soil property extending 10 m.;10 m
The WoT-connected robot arm has a reach of 2 m.;2 m
The smart curtain Thing can cover windows up to 3 m in length.;3 m
The automated conveyor belt in the factory is 50 m long.;50 m
The IoT drone flies at a height of 30 m for optimal surveillance.;30 m
The smart lighting system covers a radius of 10 m.;10 m
The property of the smart fence extends up to 100 m.;100 m
The automated pool cleaner operates within a 25 m range.;25 m
The smart home security system has a motion detection range of 15 m.;15 m
The WoT-enabled lawn mower can mow an area of 20 m by 20 m.;20 m
The IoT-enabled streetlight illuminates an area with a diameter of 40 m.;40 m
The smart parking system can detect cars up to 5 m away.;5 m
The smart warehouse robot navigates aisles that are 2 m wide.;2 m
The smart irrigation pipe extends for 50 m across the field.;50 m
The WoT-connected smart blinds cover a width of 4 m.;4 m
The smart air purifier effectively cleans an area of 30 m.;30 m
The automated irrigation system waters plants in rows of 100 m.;100 m
The smart thermostat can sense temperature changes within 10 m.;10 m
The IoT-enabled robot vacuum cleans a floor area of 5 m by 5 m.;5 m
The WoT-enabled car charging cable is 3 m long.;3 m
The smart sprinkler system covers a radius of 15 m.;15 m
The IoT weather station monitors wind speed at a height of 20 m.;20 m
The smart security camera can detect movement within a range of 8 m.;8 m
The smart greenhouse control system covers an area of 50 m by 50 m.;50 m
The smart lighting sensor is effective up to 10 m.;10 m
The WoT-enabled smart lock can sense keys within 2 m.;2 m
The IoT-enabled fitness tracker measures running distance up to 1 m accuracy.;1 m;distance
The smart irrigation controller manages zones of 30 m each.;30 m
The smart building's HVAC system can regulate temperature over a 200 m range.;200 m
The smart window opener covers an opening length of 2 m.;2 m
The IoT-enabled pet feeder dispenses food within a 1 m radius.;1 m
The WoT smart mirror can adjust to a distance of up to 5 m.;5 m;distance
The smart fan oscillates covering an area of 4 m.;4 m
The automated curtain system covers a total window length of 6 m.;6 m
The IoT-enabled gate can open to a width of 3 m.;3 m
The smart plant sensor monitors soil moisture in an area of 10 m.;10 m
The IoT-enabled sprinkler system waters a lawn up to 25 m.;25 m
The smart driveway sensor detects cars within 20 m.;20 m
The WoT smart grid covers an area of 500 m.;500 m
The smart trash bin can detect fill levels up to a depth of 1 m.;1 m
The IoT-enabled lighting system adjusts brightness within a 15 m radius.;15 m
The smart home assistant can hear commands from up to 10 m away.;10 m
The WoT-enabled water meter can measure flow in pipes up to 2 m.;2 m
The smart farming drone covers a field length of 100 m.;100 m
The IoT-enabled air quality sensor monitors an area of 50 m.;50 m
The smart parking sensor can detect vehicle presence within 5 m.;5 m
The smart fitness tracker measures swimming pool lengths up to 50 m.;50 m
The WoT-enabled curtain motor operates over a track of 4 m.;4 m
The IoT garden sensor monitors plant growth over an area of 20 m.;20 m
length;length