The smart thermostat shows the humidity level at 45%.;45%
The IoT-enabled weather station records a rainfall chance of 60%.;60%
The WoT-connected light bulb is dimmed to 75% brightness.;75%
The smart fridge displays its efficiency rating at 90%.;90%
The IoT-enabled greenhouse monitors soil moisture at 55%.;55%
The smart air purifier indicates a filter life of 80%.;80%
The IoT-enabled water heater is set to 50% power to save energy.;50%
The smart thermostat reduces heating by 20% during the day.;20%
The WoT-connected battery charger shows a charge level of 85%.;85%
The smart home assistant reports that the HVAC system is operating at 60% efficiency.;60%
The IoT-enabled baby monitor shows battery remaining at 40%.;40%
The smart coffee maker's water reservoir is filled to 30%.;30%
The IoT-enabled smart garden indicates soil fertility at 70%.;70%
The smart thermostat increases cooling by 15% in response to high temperatures.;15%
The IoT-enabled home security camera's battery is at 95%.;95%
The smart washing machine indicates that the wash cycle is 80% complete.;80%
The IoT-enabled lighting system shows power consumption reduced by 25%.;25%
The smart pet feeder's food container is 50% full.;50%
The IoT-enabled air quality monitor indicates pollution levels at 10%.;10%
The smart irrigation system waters the garden to maintain soil moisture at 65%.;65%
The IoT-enabled smart watch shows a battery level of 90%.;90%
The smart thermostat displays a heating efficiency of 75%.;75%
The IoT-enabled solar panel system operates at 85% capacity.;85%
The smart dishwasher indicates that the rinse cycle is 50% complete.;50%
The IoT-enabled fitness tracker shows the user has achieved 40% of their daily activity goal.;40%
The smart refrigerator displays a door open alert when humidity rises by 10%.;10%
The IoT-enabled garage door opener reports battery level at 60%.;60%
The smart vacuum shows dust bin capacity at 70%.;70%
The IoT-enabled water purifier indicates filter usage at 20%.;20%
The smart home energy meter shows a power usage reduction of 30%.;30%
The IoT-enabled baby bottle warmer shows a heating progress of 90%.;90%
The smart fitness equipment displays workout progress at 80%.;80%
The IoT-enabled oven indicates preheating is 60% complete.;60%
The smart window shades are closed to 40% to reduce sunlight.;40%
The IoT-enabled thermostat shows the fan running at 50% speed.;50%
The smart speaker's volume is set to 30%.;30%
The IoT-enabled pool heater shows water heating progress at 70%.;70%
The smart air conditioner indicates filter cleanliness at 85%.;85%
The IoT-enabled smart bed adjusts firmness to 65%.;65%
The smart humidifier shows water tank level at 50%.;50%
The IoT-enabled drone's battery is at 20% capacity.;20%
The smart thermostat reports outside humidity at 55%.;55%
The IoT-enabled lawn sprinkler system waters the lawn to 80% saturation.;80%
The smart home lighting is dimmed to 25% for evening ambiance.;25%
The IoT-enabled refrigerator indicates ice maker bin is 60% full.;60%
The smart thermostat reduces energy use by 35% during peak hours.;35%
The IoT-enabled pet tracker shows the pet's activity level at 75%.;75%
The smart thermostat's eco mode is activated, reducing usage by 50%.;50%
The IoT-enabled greenhouse ventilation is operating at 90% efficiency.;90%
The smart coffee machine's water tank is filled to 40%.;40%
The smart thermostat shows the humidity level at 45 percent.;45 percent
The IoT-enabled weather station records a rainfall chance of 60 percent.;60 percent
The WoT-connected light bulb is dimmed to 75 percent brightness.;75 percent
The smart fridge displays its efficiency rating at 90 percent.;90 percent
The IoT-enabled greenhouse monitors soil moisture at 55 percent.;55 percent
The smart air purifier indicates a filter life of 80 percent.;80 percent
The IoT-enabled water heater is set to 50 percent power to save energy.;50 percent
The smart thermostat reduces heating by 20 percent during the day.;20 percent
The WoT-connected battery charger shows a charge level of 85 percent.;85 percent
The smart home assistant reports that the HVAC system is operating at 60 percent efficiency.;60 percent
The IoT-enabled baby monitor shows battery remaining at 40 percent.;40 percent
The smart coffee maker's water reservoir is filled to 30 percent.;30 percent
The IoT-enabled smart garden indicates soil fertility at 70 percent.;70 percent
The smart thermostat increases cooling by 15 percent in response to high temperatures.;15 percent
The IoT-enabled home security camera's battery is at 95 percent.;95 percent
The smart washing machine indicates that the wash cycle is 80 percent complete.;80 percent
The IoT-enabled lighting system shows power consumption reduced by 25 percent.;25 percent
The smart pet feeder's food container is 50 percent full.;50 percent
The IoT-enabled air quality monitor indicates pollution levels at 10 percent.;10 percent
The smart irrigation system waters the garden to maintain soil moisture at 65 percent.;65 percent
The IoT-enabled smart watch shows a battery level of 90 percent.;90 percent
The smart thermostat displays a heating efficiency of 75 percent.;75 percent
The IoT-enabled solar panel system operates at 85 percent capacity.;85 percent
The smart dishwasher indicates that the rinse cycle is 50 percent complete.;50 percent
The IoT-enabled fitness tracker shows the user has achieved 40 percent of their daily activity goal.;40 percent
The smart refrigerator displays a door open alert when humidity rises by 10 percent.;10 percent
The IoT-enabled garage door opener reports battery level at 60 percent.;60 percent
The smart vacuum shows dust bin capacity at 70 percent.;70 percent
The IoT-enabled water purifier indicates filter usage at 20 percent.;20 percent
The smart home energy meter shows a power usage reduction of 30 percent.;30 percent
The IoT-enabled baby bottle warmer shows a heating progress of 90 percent.;90 percent
The smart fitness equipment displays workout progress at 80 percent.;80 percent
The IoT-enabled oven indicates preheating is 60 percent complete.;60 percent
The smart window shades are closed to 40 percent to reduce sunlight.;40 percent
The IoT-enabled thermostat shows the fan running at 50 percent speed.;50 percent
The smart speaker's volume is set to 30 percent.;30 percent
The IoT-enabled pool heater shows water heating progress at 70 percent.;70 percent
The smart air conditioner indicates filter cleanliness at 85 percent.;85 percent
The IoT-enabled smart bed adjusts firmness to 65 percent.;65 percent
The smart humidifier shows water tank level at 50 percent.;50 percent
The IoT-enabled drone's battery is at 20 percent capacity.;20 percent
The smart thermostat reports outside humidity at 55 percent.;55 percent
The IoT-enabled lawn sprinkler system waters the lawn to 80 percent saturation.;80 percent
The smart home lighting is dimmed to 25 percent for evening ambiance.;25 percent
The IoT-enabled refrigerator indicates ice maker bin is 60 percent full.;60 percent
The smart thermostat reduces energy use by 35 percent during peak hours.;35 percent
The IoT-enabled pet tracker shows the pet's activity level at 75 percent.;75 percent
The smart thermostat's eco mode is activated, reducing usage by 50 percent.;50 percent
The IoT-enabled greenhouse ventilation is operating at 90 percent efficiency.;90 percent
The smart coffee machine's water tank is filled to 40 percent.;40 percent